{
    "key": "group_5f1f931f32ee4",
    "title": "Header and Footer Scripts",
    "fields": [
        {
            "key": "field_5f1f93359c51a",
            "label": "Header Scripts",
            "name": "header_scripts",
            "type": "textarea",
            "instructions": "",
            "required": 0,
            "conditional_logic": 0,
            "wrapper": {
                "width": "",
                "class": "",
                "id": ""
            },
            "acfe_permissions": "",
            "default_value": "",
            "placeholder": "",
            "maxlength": "",
            "rows": "",
            "new_lines": "",
            "acfe_textarea_code": 0
        },
        {
            "key": "field_5f1f93719c51b",
            "label": "Footer Scripts",
            "name": "footer_scripts",
            "type": "textarea",
            "instructions": "",
            "required": 0,
            "conditional_logic": 0,
            "wrapper": {
                "width": "",
                "class": "",
                "id": ""
            },
            "acfe_permissions": "",
            "default_value": "",
            "placeholder": "",
            "maxlength": "",
            "rows": "",
            "new_lines": "",
            "acfe_textarea_code": 0
        }
    ],
    "location": [
        [
            {
                "param": "post_type",
                "operator": "==",
                "value": "all"
            }
        ]
    ],
    "menu_order": 0,
    "position": "normal",
    "style": "default",
    "label_placement": "left",
    "instruction_placement": "label",
    "hide_on_screen": "",
    "active": 1,
    "description": "",
    "acfe_display_title": "",
    "acfe_autosync": [
        "json"
    ],
    "acfe_permissions": "",
    "acfe_form": 0,
    "acfe_meta": "",
    "acfe_note": "",
    "modified": 1595907548
}